hhid,head_name,community_id,community_name,district_id,district_name,region_id,region_name,head_age,head_gender,spouse_name,spouse_age,hh_members,land,land_minutes
1,Divine Nyavi,27,Nabogu,13,Savelugu/Nanton,8,Northern Region,42,1,Weilatu Divine,38,13,1,60
2,Muhammed baba,27,Nabogu,13,Savelugu/Nanton,8,Northern Region,44,1,Anatu muhammed,30,25,1,120
3,Sulemana Abdullai,27,Nabogu,13,Savelugu/Nanton,8,Northern Region,58,1,AZARA SULEMAN,40,6,1,120
105,Adam,18,Jana,13,Savelugu/Nanton,8,Northern Region,60,1,ASIA ISAHAK,40,7,1,60
106,Adam Seidu,18,Jana,13,Savelugu/Nanton,8,Northern Region,52,1,test,34,6,1,120
